;GridID;Longitude.grid;Latitude.grid;Distrito
0;1;2,08;41,41; Sarria-Sant Gervasi
471;2;2,0825;41,42; Sarria-Sant Gervasi
1;3;2,085;41,42; Sarria-Sant Gervasi
1391;4;2,0875;41,4275; Sarria-Sant Gervasi
2761;5;2,09;41,42; Sarria-Sant Gervasi
3667;6;2,0925;41,415; Sarria-Sant Gervasi
963;7;2,0925;41,4225; Sarria-Sant Gervasi
473;8;2,0925;41,4275; Sarria-Sant Gervasi
1393;9;2,0925;41,43; Sarria-Sant Gervasi
2;10;2,095;41,415; Sarria-Sant Gervasi
475;11;2,095;41,4175; Sarria-Sant Gervasi
1394;12;2,095;41,42; Sarria-Sant Gervasi
3;13;2,095;41,4225; Sarria-Sant Gervasi
4;14;2,095;41,425; Sarria-Sant Gervasi
1396;15;2,0975;41,4125; Sarria-Sant Gervasi
2312;16;2,0975;41,4175; Sarria-Sant Gervasi
966;17;2,0975;41,42; Sarria-Sant Gervasi
967;18;2,0975;41,425; Sarria-Sant Gervasi
968;19;2,0975;41,4275; Sarria-Sant Gervasi
477;20;2,0975;41,43; Sarria-Sant Gervasi
4526;21;2,1;41,38; Esplugues de Llobregat
5;22;2,1;41,3825; Esplugues de Llobregat
6;23;2,1;41,4075; Sarria-Sant Gervasi
479;24;2,1;41,4175; Sarria-Sant Gervasi
7;25;2,1;41,425; Sarria-Sant Gervasi
8;26;2,1025;41,335; el Prat de Llobregat
481;27;2,1025;41,38; l'Hospitalet de Llobregat
482;28;2,1025;41,3825;Ciutat Vella
1821;29;2,1025;41,385; Esplugues de Llobregat
9;30;2,1025;41,3875; les Corts
5870;31;2,1025;41,39;Ciutat Vella
10;32;2,1025;41,3925; les Corts
1827;33;2,1025;41,395; Sarria-Sant Gervasi
5871;34;2,1025;41,405; Sarria-Sant Gervasi
971;35;2,1025;41,4075; Sarria-Sant Gervasi
972;36;2,1025;41,41; Sarria-Sant Gervasi
1830;37;2,1025;41,4125; Sarria-Sant Gervasi
1401;38;2,1025;41,415; Sarria-Sant Gervasi
483;39;2,1025;41,4175; Sarria-Sant Gervasi
1403;40;2,105;41,3375;Prat del Llobregat
11;41;2,105;41,3775; l'Hospitalet de Llobregat
974;42;2,105;41,38;les Corts
12;43;2,105;41,3825; les Corts
1405;44;2,105;41,385;les Corts
485;45;2,105;41,3875;les Corts
486;46;2,105;41,39;Ciutat Vella
978;47;2,105;41,3925; Sarria-Sant Gervasi
2321;48;2,105;41,395;Ciutat Vella
979;49;2,105;41,405; Sarria-Sant Gervasi
980;50;2,105;41,4075; Sarria-Sant Gervasi
3224;51;2,105;41,41; Sarria-Sant Gervasi
3225;52;2,105;41,4125; Sarria-Sant Gervasi
487;53;2,105;41,415; Sarria-Sant Gervasi
982;54;2,105;41,4175; Sarria-Sant Gervasi
13;55;2,1075;41,335; Sants-Montjuic
490;56;2,1075;41,3375; l'Hospitalet de Llobregat
983;57;2,1075;41,375;Hospitalet del Llobregat
2781;58;2,1075;41,3775;Hospitalet del Llobregat
14;59;2,1075;41,38; les Corts
15;60;2,1075;41,3825; les Corts
984;61;2,1075;41,385;les Corts
4536;62;2,1075;41,3875; les Corts
5452;63;2,1075;41,39; les Corts
492;64;2,1075;41,3925;les Corts
4125;65;2,1075;41,395; les Corts
4999;66;2,1075;41,4; les Corts
16;67;2,1075;41,4025; Sarria-Sant Gervasi
5887;68;2,1075;41,405; Sarria-Sant Gervasi
493;69;2,1075;41,4075;Ciutat Vella
2783;70;2,1075;41,41; Sarria-Sant Gervasi
1410;71;2,1075;41,415; Sarria-Sant Gervasi
17;72;2,1075;41,42; Sarria-Sant Gervasi
1411;73;2,11;41,33; l'Hospitalet de Llobregat
1413;74;2,11;41,3325; Sants-Montjuic
496;75;2,11;41,335; Sant Marti
497;76;2,11;41,3375;Ciutat Vella
498;77;2,11;41,375; l'Hospitalet de Llobregat
987;78;2,11;41,3775;les Corts
18;79;2,11;41,3825; les Corts
19;80;2,11;41,385; les Corts
1839;81;2,11;41,3875;Ciutat Vella
20;82;2,11;41,39; les Corts
988;83;2,11;41,3925;les Corts
1417;84;2,11;41,395;Ciutat Vella
500;85;2,11;41,3975; Sant Marti
1419;86;2,11;41,4; Sarria-Sant Gervasi
990;87;2,11;41,4025; Sarria-Sant Gervasi
3238;88;2,11;41,405; Sarria-Sant Gervasi
501;89;2,11;41,4075; Sant Marti
991;90;2,11;41,41;Ciutat Vella
21;91;2,11;41,415; Sarria-Sant Gervasi
22;92;2,11;41,4175; Sarria-Sant Gervasi
23;93;2,1125;41,325; el Prat de Llobregat
502;94;2,1125;41,3275;Ciutat Vella
2331;95;2,1125;41,33; Sants-Montjuic
995;96;2,1125;41,3325; Sants-Montjuic
503;97;2,1125;41,335; Sants-Montjuic
504;98;2,1125;41,3375; Sant Marti
5009;99;2,1125;41,34; l'Hospitalet de Llobregat
2334;100;2,1125;41,375;Hospitalet del Llobregat
996;101;2,1125;41,3775;les Corts
9989;102;2,1125;41,38; les Corts
24;103;2,1125;41,3825; les Corts
505;104;2,1125;41,385; Sant Marti
506;105;2,1125;41,3875; Sant Marti
25;106;2,1125;41,39; les Corts
26;107;2,1125;41,3925; les Corts
507;108;2,1125;41,395; Sant Marti
509;109;2,1125;41,3975;Ciutat Vella
27;110;2,1125;41,4; Sarria-Sant Gervasi
510;111;2,1125;41,4025;Ciutat Vella
5463;112;2,1125;41,405; Sarria-Sant Gervasi
28;113;2,1125;41,4075; Sarria-Sant Gervasi
29;114;2,1125;41,41; Sarria-Sant Gervasi
2340;115;2,1125;41,415; Sarria-Sant Gervasi
31;116;2,1125;41,4175; Sarria-Sant Gervasi
513;117;2,115;41,325;Ciutat Vella
1001;118;2,115;41,3275; Sants-Montjuic
32;119;2,115;41,33; Sants-Montjuic
1002;120;2,115;41,3325; Sants-Montjuic
1431;121;2,115;41,335; Sants-Montjuic
3696;122;2,115;41,3375; Sants-Montjuic
33;123;2,115;41,34; Sants-Montjuic
6341;124;2,115;41,375; l'Hospitalet de Llobregat
34;125;2,115;41,3775; les Corts
36;126;2,115;41,38; les Corts
37;127;2,115;41,3825; les Corts
39;128;2,115;41,385; les Corts
4556;129;2,115;41,3875; les Corts
43;130;2,115;41,39; les Corts
44;131;2,115;41,3925; les Corts
1005;132;2,115;41,395;les Corts
2798;133;2,115;41,3975;Ciutat Vella
2347;134;2,115;41,4; Sarria-Sant Gervasi
7684;135;2,115;41,4025; Sarria-Sant Gervasi
45;136;2,115;41,405; Sarria-Sant Gervasi
46;137;2,115;41,4075; Sarria-Sant Gervasi
47;138;2,115;41,415; Sarria-Sant Gervasi
1010;139;2,115;41,4175; Sarria-Sant Gervasi
1011;140;2,115;41,42; Sarria-Sant Gervasi
48;141;2,1175;41,3225; Sants-Montjuic
49;142;2,1175;41,325; Sants-Montjuic
517;143;2,1175;41,3275; Sants-Montjuic
3703;144;2,1175;41,33; Sants-Montjuic
518;145;2,1175;41,3325; Sants-Montjuic
1440;146;2,1175;41,335;Ciutat Vella
51;147;2,1175;41,3375; Sants-Montjuic
1013;148;2,1175;41,34;Ciutat Vella
1855;149;2,1175;41,375; l'Hospitalet de Llobregat
52;150;2,1175;41,3775; les Corts
53;151;2,1175;41,38; les Corts
2805;152;2,1175;41,3825;les Corts
1014;153;2,1175;41,385; les Corts
519;154;2,1175;41,3875; Sant Marti
54;155;2,1175;41,39; les Corts
3259;156;2,1175;41,3925; Sarria-Sant Gervasi
56;157;2,1175;41,395; les Corts
1015;158;2,1175;41,3975; Sarria-Sant Gervasi
4146;159;2,1175;41,4; Sarria-Sant Gervasi
57;160;2,1175;41,4025; Sarria-Sant Gervasi
4569;161;2,1175;41,405; Sarria-Sant Gervasi
522;162;2,1175;41,4075;Ciutat Vella
58;163;2,1175;41,4175; Sarria-Sant Gervasi
59;164;2,1175;41,42; Sarria-Sant Gervasi
523;165;2,1175;41,4225; Sarria-Sant Gervasi
1018;166;2,1175;41,425; Sarria-Sant Gervasi
2357;167;2,12;41,3225;Prat del Llobregat
524;168;2,12;41,325;Ciutat Vella
525;169;2,12;41,3275; Sant Marti
60;170;2,12;41,33; Sants-Montjuic
61;171;2,12;41,3325; Sants-Montjuic
1023;172;2,12;41,335; Sants-Montjuic
62;173;2,12;41,3375; Sants-Montjuic
1866;174;2,12;41,34;Ciutat Vella
526;175;2,12;41,375; l'Hospitalet de Llobregat
63;176;2,12;41,3775; les Corts
1448;177;2,12;41,38;les Corts
528;178;2,12;41,3825; Sant Marti
64;179;2,12;41,385; les Corts
65;180;2,12;41,3875; les Corts
66;181;2,12;41,39; les Corts
67;182;2,12;41,3925; Sarria-Sant Gervasi
68;183;2,12;41,395; Sarria-Sant Gervasi
1869;184;2,12;41,3975; Sarria-Sant Gervasi
530;185;2,12;41,4; Sant Marti
3265;186;2,12;41,4025; Sarria-Sant Gervasi
70;187;2,12;41,405; Sarria-Sant Gervasi
1872;188;2,12;41,4075;Ciutat Vella
2366;189;2,12;41,42; Sarria-Sant Gervasi
1452;190;2,12;41,4225; Sarria-Sant Gervasi
5041;191;2,12;41,425; Sarria-Sant Gervasi
1453;192;2,1225;41,3225;Ciutat Vella
72;193;2,1225;41,325; Sants-Montjuic
73;194;2,1225;41,3275; Sants-Montjuic
1030;195;2,1225;41,33; Sants-Montjuic
5491;196;2,1225;41,3325; Sants-Montjuic
532;197;2,1225;41,3375; Sant Marti
74;198;2,1225;41,34; Sants-Montjuic
3726;199;2,1225;41,3725; l'Hospitalet de Llobregat
1032;200;2,1225;41,375; Sants-Montjuic
533;201;2,1225;41,3775;Ciutat Vella
2368;202;2,1225;41,38;les Corts
534;203;2,1225;41,3825; Sant Marti
1034;204;2,1225;41,385;Ciutat Vella
1456;205;2,1225;41,3875; Sarria-Sant Gervasi
75;206;2,1225;41,39; les Corts
76;207;2,1225;41,3925; Sarria-Sant Gervasi
1036;208;2,1225;41,395; Sarria-Sant Gervasi
536;209;2,1225;41,3975; Sant Marti
537;210;2,1225;41,4; Sant Marti
538;211;2,1225;41,4025; Sant Marti
1877;212;2,1225;41,405;Ciutat Vella
539;213;2,1225;41,4075; Sarria-Sant Gervasi
2375;214;2,1225;41,41;Ciutat Vella
1458;215;2,1225;41,415;Ciutat Vella
540;216;2,1225;41,4225; Horta-Guinardo
2818;217;2,1225;41,4275;Ciutat Vella
1039;218;2,1225;41,43;Ciutat Vella
77;219;2,125;41,3225; Sants-Montjuic
78;220;2,125;41,33; Sants-Montjuic
1881;221;2,125;41,3325;Ciutat Vella
1460;222;2,125;41,3375; Sants-Montjuic
2820;223;2,125;41,34; Sants-Montjuic
79;224;2,125;41,3425; Sants-Montjuic
543;225;2,125;41,37;Sant Adria del Besos
80;226;2,125;41,3725; Sants-Montjuic
1883;227;2,125;41,375; Sants-Montjuic
1040;228;2,125;41,3775;Ciutat Vella
1462;229;2,125;41,38;les Corts
544;230;2,125;41,3825; Sant Marti
81;231;2,125;41,385; les Corts
1465;232;2,125;41,3875;les Corts
1885;233;2,125;41,39;les Corts
1466;234;2,125;41,3925;Ciutat Vella
82;235;2,125;41,395; Sarria-Sant Gervasi
1467;236;2,125;41,3975; Sarria-Sant Gervasi
6832;237;2,125;41,4; Sarria-Sant Gervasi
83;238;2,125;41,4025; Sarria-Sant Gervasi
3280;239;2,125;41,405; Sarria-Sant Gervasi
84;240;2,125;41,4075; Sarria-Sant Gervasi
548;241;2,125;41,41; Sant Marti
5063;242;2,125;41,4125; Sarria-Sant Gervasi
1469;243;2,125;41,4275; Sarria-Sant Gervasi
1470;244;2,125;41,43; Sarria-Sant Gervasi
549;245;2,125;41,4325; Sant Marti
1889;246;2,1275;41,3225;Ciutat Vella
1471;247;2,1275;41,325;Ciutat Vella
2384;248;2,1275;41,3275; Sants-Montjuic
2385;249;2,1275;41,33;Ciutat Vella
550;250;2,1275;41,3325;Ciutat Vella
1045;251;2,1275;41,335; Sants-Montjuic
6836;252;2,1275;41,3375; Sants-Montjuic
1046;253;2,1275;41,34; Sants-Montjuic
551;254;2,1275;41,3425; Sant Marti
4599;255;2,1275;41,37; l'Hospitalet de Llobregat
85;256;2,1275;41,3725; Sants-Montjuic
2389;257;2,1275;41,375; Sants-Montjuic
86;258;2,1275;41,3775; Sants-Montjuic
87;259;2,1275;41,38; les Corts
1892;260;2,1275;41,3825;les Corts
4164;261;2,1275;41,385; les Corts
3286;262;2,1275;41,3875;les Corts
1473;263;2,1275;41,39;les Corts
1894;264;2,1275;41,3925;les Corts
3751;265;2,1275;41,395; Sarria-Sant Gervasi
88;266;2,1275;41,3975; Sarria-Sant Gervasi
89;267;2,1275;41,4; Sarria-Sant Gervasi
1895;268;2,1275;41,4025; Sarria-Sant Gervasi
90;269;2,1275;41,405; Sarria-Sant Gervasi
1896;270;2,1275;41,4075; Sarria-Sant Gervasi
1050;271;2,1275;41,41; Sarria-Sant Gervasi
91;272;2,1275;41,4125; Sarria-Sant Gervasi
93;273;2,1275;41,415; Sarria-Sant Gervasi
94;274;2,1275;41,4175; Sarria-Sant Gervasi
95;275;2,1275;41,4225; Horta-Guinardo
96;276;2,1275;41,425; Horta-Guinardo
1900;277;2,1275;41,4275;Ciutat Vella
1052;278;2,1275;41,43;Horta-Guinardo
1478;279;2,13;41,3225;Ciutat Vella
1053;280;2,13;41,325; Sants-Montjuic
98;281;2,13;41,33; Sants-Montjuic
5514;282;2,13;41,3325; Sants-Montjuic
99;283;2,13;41,335; Sants-Montjuic
1056;284;2,13;41,3375;Ciutat Vella
2397;285;2,13;41,34;Ciutat Vella
100;286;2,13;41,3425; Sants-Montjuic
1057;287;2,13;41,345; l'Hospitalet de Llobregat
1058;288;2,13;41,365; l'Hospitalet de Llobregat
559;289;2,13;41,3675; l'Hospitalet de Llobregat
1904;290;2,13;41,37;Sant Adria del Besos
1905;291;2,13;41,3725;Ciutat Vella
101;292;2,13;41,375; Sants-Montjuic
2832;293;2,13;41,3775; Sants-Montjuic
1483;294;2,13;41,38;Ciutat Vella
103;295;2,13;41,3825; les Corts
561;296;2,13;41,385;les Corts
105;297;2,13;41,3875; les Corts
562;298;2,13;41,39;les Corts
1059;299;2,13;41,3925; Sarria-Sant Gervasi
106;300;2,13;41,395; Sarria-Sant Gervasi
107;301;2,13;41,3975; Sarria-Sant Gervasi
108;302;2,13;41,4; Sarria-Sant Gervasi
1061;303;2,13;41,4025; Sarria-Sant Gervasi
1910;304;2,13;41,405; Sarria-Sant Gervasi
2403;305;2,13;41,4075; Sarria-Sant Gervasi
110;306;2,13;41,41; Sarria-Sant Gervasi
111;307;2,13;41,4125; Sarria-Sant Gervasi
1486;308;2,13;41,415;Ciutat Vella
112;309;2,13;41,4175; Sarria-Sant Gervasi
2404;310;2,13;41,4225; Sarria-Sant Gervasi
113;311;2,13;41,425; Horta-Guinardo
1062;312;2,13;41,4275;Ciutat Vella
565;313;2,13;41,43; Horta-Guinardo
1487;314;2,13;41,4325;Ciutat Vella
1063;315;2,13;41,44;Ciutat Vella
1913;316;2,1325;41,3225;Ciutat Vella
567;317;2,1325;41,325; Sants-Montjuic
1915;318;2,1325;41,3275; Sants-Montjuic
5080;319;2,1325;41,33; Sants-Montjuic
114;320;2,1325;41,3325; Sants-Montjuic
1065;321;2,1325;41,335;Ciutat Vella
568;322;2,1325;41,3425; Sants-Montjuic
115;323;2,1325;41,345; Sants-Montjuic
116;324;2,1325;41,3475; l'Hospitalet de Llobregat
1067;325;2,1325;41,3525;Hospitalet del Llobregat
3309;326;2,1325;41,355; Sants-Montjuic
569;327;2,1325;41,3575; Sants-Montjuic
570;328;2,1325;41,36;Sant Adria del Besos
5531;329;2,1325;41,3625; l'Hospitalet de Llobregat
1919;330;2,1325;41,365; l'Hospitalet de Llobregat
117;331;2,1325;41,3675; Sants-Montjuic
1921;332;2,1325;41,37;Ciutat Vella
118;333;2,1325;41,3725; Sants-Montjuic
4623;334;2,1325;41,375; Sants-Montjuic
572;335;2,1325;41,3775;Ciutat Vella
1068;336;2,1325;41,38; Sants-Montjuic
573;337;2,1325;41,3825;les Corts
575;338;2,1325;41,385;Ciutat Vella
576;339;2,1325;41,3875; Sants-Montjuic
2847;340;2,1325;41,39; Sarria-Sant Gervasi
1494;341;2,1325;41,3925; Sarria-Sant Gervasi
578;342;2,1325;41,395; Sarria-Sant Gervasi
1072;343;2,1325;41,3975; Sarria-Sant Gervasi
1073;344;2,1325;41,4; Sarria-Sant Gervasi
1498;345;2,1325;41,4025; Sarria-Sant Gervasi
579;346;2,1325;41,405; Sarria-Sant Gervasi
580;347;2,1325;41,4075; Sarria-Sant Gervasi
3316;348;2,1325;41,41; Sarria-Sant Gervasi
581;349;2,1325;41,4125; Sarria-Sant Gervasi
119;350;2,1325;41,415; Sarria-Sant Gervasi
1075;351;2,1325;41,4175;Gracia
582;352;2,1325;41,42; Sarria-Sant Gervasi
2849;353;2,1325;41,4225; Sarria-Sant Gervasi
583;354;2,1325;41,425; Sarria-Sant Gervasi
1504;355;2,1325;41,4275; Sarria-Sant Gervasi
120;356;2,1325;41,43; Horta-Guinardo
122;357;2,1325;41,4325; Horta-Guinardo
123;358;2,1325;41,44; Horta-Guinardo
124;359;2,135;41,3225; Sants-Montjuic
1078;360;2,135;41,325; Sants-Montjuic
586;361;2,135;41,3275; Sants-Montjuic
587;362;2,135;41,33; Sants-Montjuic
1079;363;2,135;41,3325; Sants-Montjuic
125;364;2,135;41,335; Sants-Montjuic
588;365;2,135;41,3425; Sants-Montjuic
126;366;2,135;41,345; l'Hospitalet de Llobregat
1080;367;2,135;41,3475; l'Hospitalet de Llobregat
589;368;2,135;41,35;Hospitalet del Llobregat
1081;369;2,135;41,3525; l'Hospitalet de Llobregat
1083;370;2,135;41,355; Sants-Montjuic
127;371;2,135;41,3575; Sants-Montjuic
128;372;2,135;41,36; Sants-Montjuic
1941;373;2,135;41,3625;Hospitalet del Llobregat
591;374;2,135;41,365;Ciutat Vella
2425;375;2,135;41,3675;Ciutat Vella
129;376;2,135;41,37; Sants-Montjuic
592;377;2,135;41,3725; Sants-Montjuic
130;378;2,135;41,375; Sants-Montjuic
131;379;2,135;41,3775; Sants-Montjuic
132;380;2,135;41,38; Sants-Montjuic
593;381;2,135;41,3825;Ciutat Vella
133;382;2,135;41,385; les Corts
594;383;2,135;41,3875; Sants-Montjuic
1947;384;2,135;41,39;les Corts
134;385;2,135;41,3925; Sarria-Sant Gervasi
1087;386;2,135;41,395; Sarria-Sant Gervasi
1950;387;2,135;41,3975; Sarria-Sant Gervasi
1088;388;2,135;41,4;Ciutat Vella
596;389;2,135;41,4025; Sarria-Sant Gervasi
1951;390;2,135;41,405; Sarria-Sant Gervasi
2434;391;2,135;41,4075; Sarria-Sant Gervasi
1514;392;2,135;41,41; Sarria-Sant Gervasi
135;393;2,135;41,4125; Sarria-Sant Gervasi
1515;394;2,135;41,415;Ciutat Vella
1954;395;2,135;41,4175; Gracia
137;396;2,135;41,4225; Gracia
1089;397;2,135;41,425;Ciutat Vella
1091;398;2,135;41,4275;Horta-Guinardo
598;399;2,135;41,4325;Horta-Guinardo
1958;400;2,135;41,435; Sarria-Sant Gervasi
4194;401;2,135;41,445; Horta-Guinardo
138;402;2,1375;41,33; Sants-Montjuic
139;403;2,1375;41,3325; Sants-Montjuic
3332;404;2,1375;41,3425; Sants-Montjuic
1960;405;2,1375;41,345; Sants-Montjuic
140;406;2,1375;41,3475; Sants-Montjuic
2443;407;2,1375;41,35;Ciutat Vella
600;408;2,1375;41,3525;Horta-Guinardo
3334;409;2,1375;41,355;Ciutat Vella
1092;410;2,1375;41,3575;Horta-Guinardo
1093;411;2,1375;41,36; Sants-Montjuic
1964;412;2,1375;41,3625; Sants-Montjuic
4199;413;2,1375;41,365; Sants-Montjuic
1965;414;2,1375;41,3675; Sants-Montjuic
1094;415;2,1375;41,37; Sants-Montjuic
1967;416;2,1375;41,3725; Sants-Montjuic
1095;417;2,1375;41,375; Sants-Montjuic
601;418;2,1375;41,3775;Horta-Guinardo
2873;419;2,1375;41,38; Sants-Montjuic
4202;420;2,1375;41,3825; les Corts
1969;421;2,1375;41,385; Sants-Montjuic
141;422;2,1375;41,3875; les Corts
1096;423;2,1375;41,39;Ciutat Vella
1097;424;2,1375;41,3925; Sarria-Sant Gervasi
1098;425;2,1375;41,395; Sarria-Sant Gervasi
604;426;2,1375;41,3975; Sarria-Sant Gervasi
605;427;2,1375;41,4; Sarria-Sant Gervasi
1522;428;2,1375;41,4025; Sarria-Sant Gervasi
142;429;2,1375;41,405; Sarria-Sant Gervasi
2880;430;2,1375;41,4075; Sarria-Sant Gervasi
1099;431;2,1375;41,41; Sarria-Sant Gervasi
1100;432;2,1375;41,4125; Sarria-Sant Gervasi
4656;433;2,1375;41,415; Gracia
144;434;2,1375;41,4175; Gracia
145;435;2,1375;41,42; Gracia
3337;436;2,1375;41,4225; Gracia
607;437;2,1375;41,425;Horta-Guinardo
2449;438;2,1375;41,4275;Horta-Guinardo
2885;439;2,1375;41,43;Ciutat Vella
1102;440;2,14;41,33; Sants-Montjuic
1973;441;2,14;41,3325;Ciutat Vella
1527;442;2,14;41,335;Ciutat Vella
608;443;2,14;41,3375; Sants-Montjuic
4210;444;2,14;41,3425; Sants-Montjuic
146;445;2,14;41,345; Sants-Montjuic
1103;446;2,14;41,3475;Ciutat Vella
147;447;2,14;41,35; Sants-Montjuic
148;448;2,14;41,3525; Sants-Montjuic
2451;449;2,14;41,355; Sants-Montjuic
149;450;2,14;41,3575; Sants-Montjuic
1529;451;2,14;41,36; Sarria-Sant Gervasi
1106;452;2,14;41,3625;Ciutat Vella
151;453;2,14;41,365; Sants-Montjuic
152;454;2,14;41,3675; Sants-Montjuic
3804;455;2,14;41,37; Sants-Montjuic
1977;456;2,14;41,3725; Sants-Montjuic
1530;457;2,14;41,375; Sants-Montjuic
153;458;2,14;41,3775; Sants-Montjuic
1978;459;2,14;41,38; Sants-Montjuic
1531;460;2,14;41,3825;Ciutat Vella
1979;461;2,14;41,385;Ciutat Vella
611;462;2,14;41,3875;les Corts
612;463;2,14;41,39;Ciutat Vella
614;464;2,14;41,3925; Sarria-Sant Gervasi
154;465;2,14;41,395; Sarria-Sant Gervasi
3805;466;2,14;41,3975; Sarria-Sant Gervasi
155;467;2,14;41,4; Sarria-Sant Gervasi
1981;468;2,14;41,4025; Sarria-Sant Gervasi
1109;469;2,14;41,405; Sarria-Sant Gervasi
617;470;2,14;41,4075; Sarria-Sant Gervasi
1111;471;2,14;41,41; Sarria-Sant Gervasi
2459;472;2,14;41,4125; Gracia
156;473;2,14;41,415; Gracia
1537;474;2,14;41,4175; Gracia
157;475;2,14;41,42; Horta-Guinardo
1113;476;2,14;41,4225;Horta-Guinardo
158;477;2,14;41,425; Horta-Guinardo
160;478;2,14;41,43; Horta-Guinardo
1114;479;2,14;41,4325;Horta-Guinardo
619;480;2,1425;41,3375; Sants-Montjuic
161;481;2,1425;41,34; Sants-Montjuic
1540;482;2,1425;41,3425;Ciutat Vella
5135;483;2,1425;41,345; Sants-Montjuic
620;484;2,1425;41,3475;Ciutat Vella
1119;485;2,1425;41,35; Sants-Montjuic
162;486;2,1425;41,3525; Sants-Montjuic
3353;487;2,1425;41,355; Sants-Montjuic
163;488;2,1425;41,3575; Sants-Montjuic
1120;489;2,1425;41,36;Ciutat Vella
622;490;2,1425;41,3625;Ciutat Vella
1543;491;2,1425;41,365;Ciutat Vella
1990;492;2,1425;41,3675; Sants-Montjuic
1991;493;2,1425;41,37; Sants-Montjuic
164;494;2,1425;41,3725; Sants-Montjuic
2465;495;2,1425;41,375; Sants-Montjuic
623;496;2,1425;41,3775; Sants-Montjuic
6014;497;2,1425;41,38; Sants-Montjuic
165;498;2,1425;41,3825; Eixample
627;499;2,1425;41,385;les Corts
1994;500;2,1425;41,3875;Eixample
628;501;2,1425;41,39;Ciutat Vella
5139;502;2,1425;41,3925; Sarria-Sant Gervasi
166;503;2,1425;41,395; Sarria-Sant Gervasi
629;504;2,1425;41,3975; Sarria-Sant Gervasi
1124;505;2,1425;41,4; Sarria-Sant Gervasi
167;506;2,1425;41,4025; Sarria-Sant Gervasi
3822;507;2,1425;41,405; Sarria-Sant Gervasi
168;508;2,1425;41,4075; Sarria-Sant Gervasi
2911;509;2,1425;41,41; Sarria-Sant Gervasi
631;510;2,1425;41,4125; Sarria-Sant Gervasi
169;511;2,1425;41,415; Gracia
1549;512;2,1425;41,4175; Gracia
633;513;2,1425;41,42; Gracia
1127;514;2,1425;41,4225;Horta-Guinardo
170;515;2,1425;41,425; Horta-Guinardo
634;516;2,1425;41,4275;Horta-Guinardo
635;517;2,1425;41,43;Horta-Guinardo
2001;518;2,1425;41,4325;Ciutat Vella
1129;519;2,1425;41,435;Horta-Guinardo
636;520;2,145;41,34; Sants-Montjuic
637;521;2,145;41,3425; Sant Marti
639;522;2,145;41,345;Ciutat Vella
171;523;2,145;41,3475; Sants-Montjuic
2919;524;2,145;41,35; Sants-Montjuic
172;525;2,145;41,3525; Sants-Montjuic
640;526;2,145;41,355; Sant Marti
1551;527;2,145;41,3575; Sants-Montjuic
173;528;2,145;41,36; Sants-Montjuic
1131;529;2,145;41,3625; Sants-Montjuic
174;530;2,145;41,365; Sants-Montjuic
175;531;2,145;41,3675; Sants-Montjuic
1132;532;2,145;41,37;Ciutat Vella
176;533;2,145;41,3725; Sants-Montjuic
641;534;2,145;41,375; Sants-Montjuic
2925;535;2,145;41,3775; Sants-Montjuic
642;536;2,145;41,38; Eixample
4686;537;2,145;41,3825; Eixample
2926;538;2,145;41,385;Eixample
643;539;2,145;41,3875; Sant Marti
2011;540;2,145;41,39;Eixample
2012;541;2,145;41,3925;Eixample
1552;542;2,145;41,395; Sarria-Sant Gervasi
177;543;2,145;41,3975; Sarria-Sant Gervasi
178;544;2,145;41,4; Sarria-Sant Gervasi
645;545;2,145;41,4025; Sarria-Sant Gervasi
179;546;2,145;41,405; Sarria-Sant Gervasi
3371;547;2,145;41,4075; Sarria-Sant Gervasi
2479;548;2,145;41,41; Sarria-Sant Gervasi
1553;549;2,145;41,4125;Gracia
646;550;2,145;41,415; Gracia
2017;551;2,145;41,4175; Gracia
180;552;2,145;41,42; Gracia
647;553;2,145;41,4225; Sant Marti
181;554;2,145;41,425; Horta-Guinardo
648;555;2,145;41,4275; Sant Marti
1555;556;2,145;41,43;Ciutat Vella
649;557;2,145;41,4325; Sant Marti
650;558;2,145;41,435; Sant Marti
184;559;2,145;41,4375; Horta-Guinardo
2930;560;2,145;41,445;Ciutat Vella
1136;561;2,1475;41,3475;Ciutat Vella
2480;562;2,1475;41,35;Ciutat Vella
6459;563;2,1475;41,3525; Sants-Montjuic
1137;564;2,1475;41,355; Sants-Montjuic
652;565;2,1475;41,3575; Sant Marti
654;566;2,1475;41,36;Ciutat Vella
656;567;2,1475;41,3625; Sant Marti
2019;568;2,1475;41,365; Sants-Montjuic
1560;569;2,1475;41,3675;Ciutat Vella
2482;570;2,1475;41,37; Sants-Montjuic
1138;571;2,1475;41,3725;Ciutat Vella
657;572;2,1475;41,375; Sant Marti
2935;573;2,1475;41,3775; Sants-Montjuic
2020;574;2,1475;41,38;Eixample
185;575;2,1475;41,3825; Eixample
658;576;2,1475;41,385; Sant Marti
2485;577;2,1475;41,3875;Eixample
659;578;2,1475;41,39; Eixample
186;579;2,1475;41,3925; Eixample
1564;580;2,1475;41,395; Sarria-Sant Gervasi
3379;581;2,1475;41,3975; Sarria-Sant Gervasi
662;582;2,1475;41,4; Sarria-Sant Gervasi
663;583;2,1475;41,4025; Sarria-Sant Gervasi
664;584;2,1475;41,405; Sarria-Sant Gervasi
1141;585;2,1475;41,4075; Sarria-Sant Gervasi
2023;586;2,1475;41,41; Gracia
187;587;2,1475;41,4125; Gracia
2026;588;2,1475;41,415; Gracia
2027;589;2,1475;41,4175; Gracia
665;590;2,1475;41,42; Sant Marti
2939;591;2,1475;41,4225;Horta-Guinardo
189;592;2,1475;41,425; Horta-Guinardo
2940;593;2,1475;41,4275;Horta-Guinardo
666;594;2,1475;41,43; Sant Marti
190;595;2,1475;41,4325; Horta-Guinardo
2489;596;2,1475;41,435; Horta-Guinardo
668;597;2,1475;41,4375;Ciutat Vella
191;598;2,1475;41,44; Horta-Guinardo
1569;599;2,1475;41,4425; Horta-Guinardo
1570;600;2,1475;41,445; Horta-Guinardo
1571;601;2,1475;41,4475;Ciutat Vella
192;602;2,15;41,3225; Sants-Montjuic
2943;603;2,15;41,35; Sants-Montjuic
2031;604;2,15;41,3525; Sants-Montjuic
2032;605;2,15;41,355;Ciutat Vella
670;606;2,15;41,36;Ciutat Vella
671;607;2,15;41,3625; Sant Marti
672;608;2,15;41,365; Sant Marti
673;609;2,15;41,3675; Sant Marti
2034;610;2,15;41,37; Sants-Montjuic
674;611;2,15;41,3725; Sant Marti
675;612;2,15;41,375; Sant Marti
193;613;2,15;41,3775; Eixample
1576;614;2,15;41,38;Eixample
2501;615;2,15;41,3825;Eixample
4265;616;2,15;41,385; Eixample
195;617;2,15;41,3875; Eixample
1146;618;2,15;41,39; Eixample
196;619;2,15;41,3925; Eixample
1579;620;2,15;41,395; Sarria-Sant Gervasi
678;621;2,15;41,3975; Sarria-Sant Gervasi
679;622;2,15;41,4; Sarria-Sant Gervasi
680;623;2,15;41,4025; Sarria-Sant Gervasi
2950;624;2,15;41,405; Sarria-Sant Gervasi
1582;625;2,15;41,4075;Ciutat Vella
197;626;2,15;41,41; Gracia
682;627;2,15;41,4125; Sant Marti
1583;628;2,15;41,4175;Ciutat Vella
683;629;2,15;41,42;Ciutat Vella
684;630;2,15;41,4225;Ciutat Vella
2505;631;2,15;41,425;Ciutat Vella
2955;632;2,15;41,4275;Horta-Guinardo
3402;633;2,15;41,43;Horta-Guinardo
685;634;2,15;41,4325; Sant Marti
686;635;2,15;41,435; Horta-Guinardo
688;636;2,15;41,4375; Sants-Montjuic
3406;637;2,15;41,44;Horta-Guinardo
3851;638;2,15;41,4425; Horta-Guinardo
3852;639;2,15;41,445; Horta-Guinardo
1152;640;2,15;41,4475;Ciutat Vella
1154;641;2,1525;41,35; Sants-Montjuic
690;642;2,1525;41,3525; Sants-Montjuic
2507;643;2,1525;41,36;Ciutat Vella
5184;644;2,1525;41,365; Sants-Montjuic
691;645;2,1525;41,3675; Sants-Montjuic
2960;646;2,1525;41,37; Sants-Montjuic
2043;647;2,1525;41,3725; Sants-Montjuic
2044;648;2,1525;41,375; Sants-Montjuic
198;649;2,1525;41,3775; Eixample
2046;650;2,1525;41,38;Eixample
200;651;2,1525;41,3825; Eixample
2048;652;2,1525;41,385;Eixample
7384;653;2,1525;41,3875; Eixample
202;654;2,1525;41,39; Eixample
203;655;2,1525;41,3925; Eixample
204;656;2,1525;41,395; Sarria-Sant Gervasi
205;657;2,1525;41,3975; Sarria-Sant Gervasi
2050;658;2,1525;41,4;Gracia
206;659;2,1525;41,4025; Gracia
1587;660;2,1525;41,405;Gracia
207;661;2,1525;41,4075; Gracia
696;662;2,1525;41,41;Gracia
2965;663;2,1525;41,4125;Ciutat Vella
697;664;2,1525;41,4175;Horta-Guinardo
3414;665;2,1525;41,42;Horta-Guinardo
698;666;2,1525;41,4225;Horta-Guinardo
1161;667;2,1525;41,425;Horta-Guinardo
208;668;2,1525;41,4275; Horta-Guinardo
699;669;2,1525;41,43;Horta-Guinardo
3416;670;2,1525;41,4325; Horta-Guinardo
209;671;2,1525;41,435; Horta-Guinardo
2054;672;2,1525;41,4375;Ciutat Vella
3419;673;2,1525;41,44;Ciutat Vella
1162;674;2,1525;41,4425;Ciutat Vella
9728;675;2,1525;41,445; Horta-Guinardo
1163;676;2,155;41,35;Ciutat Vella
700;677;2,155;41,3525;Ciutat Vella
2968;678;2,155;41,36; Sants-Montjuic
2055;679;2,155;41,3625;Ciutat Vella
1164;680;2,155;41,365; Sants-Montjuic
210;681;2,155;41,3675; Sants-Montjuic
701;682;2,155;41,37; Sants-Montjuic
212;683;2,155;41,3725; Sants-Montjuic
213;684;2,155;41,375; Eixample
5636;685;2,155;41,3775; Eixample
702;686;2,155;41,38; Eixample
703;687;2,155;41,3825; Eixample
2058;688;2,155;41,385;Eixample
3873;689;2,155;41,3875; Eixample
214;690;2,155;41,39; Sarria-Sant Gervasi
1592;691;2,155;41,3925;Eixample
704;692;2,155;41,395;Ciutat Vella
215;693;2,155;41,3975; Gracia
216;694;2,155;41,4; Gracia
2976;695;2,155;41,4025;Gracia
707;696;2,155;41,405;Gracia
218;697;2,155;41,4075; Gracia
709;698;2,155;41,41;Gracia
6074;699;2,155;41,4125; Gracia
711;700;2,155;41,415;Horta-Guinardo
2063;701;2,155;41,4175; Horta-Guinardo
1170;702;2,155;41,42;Ciutat Vella
219;703;2,155;41,4225; Horta-Guinardo
220;704;2,155;41,425; Horta-Guinardo
221;705;2,155;41,4275; Horta-Guinardo
222;706;2,155;41,43; Horta-Guinardo
1172;707;2,155;41,4325;Ciutat Vella
1596;708;2,155;41,435;Ciutat Vella
1597;709;2,155;41,4375;Ciutat Vella
712;710;2,155;41,44;Horta-Guinardo
3430;711;2,155;41,4425;Horta-Guinardo
713;712;2,155;41,445;Ciutat Vella
223;713;2,155;41,4475; Horta-Guinardo
224;714;2,1575;41,3525; Sants-Montjuic
3431;715;2,1575;41,355; Sants-Montjuic
225;716;2,1575;41,3625; Sants-Montjuic
714;717;2,1575;41,365; Sants-Montjuic
2524;718;2,1575;41,3675; Sants-Montjuic
1173;719;2,1575;41,37; Sants-Montjuic
1600;720;2,1575;41,3725; Sants-Montjuic
1175;721;2,1575;41,375; Sants-Montjuic
715;722;2,1575;41,3775;Eixample
226;723;2,1575;41,38; Eixample
227;724;2,1575;41,3825; Eixample
228;725;2,1575;41,385; Eixample
229;726;2,1575;41,3875; Eixample
2071;727;2,1575;41,39;Eixample
230;728;2,1575;41,3925; Eixample
1605;729;2,1575;41,395;Eixample
3888;730;2,1575;41,3975; Gracia
232;731;2,1575;41,4; Gracia
233;732;2,1575;41,4025; Gracia
234;733;2,1575;41,405; Gracia
720;734;2,1575;41,4075;Gracia
2074;735;2,1575;41,41;Ciutat Vella
1608;736;2,1575;41,4125;Gracia
235;737;2,1575;41,415; Gracia
236;738;2,1575;41,4175; Horta-Guinardo
722;739;2,1575;41,42;Ciutat Vella
1611;740;2,1575;41,4225;Horta-Guinardo
238;741;2,1575;41,425; Horta-Guinardo
239;742;2,1575;41,4275; Horta-Guinardo
1614;743;2,1575;41,43;Ciutat Vella
240;744;2,1575;41,4325; Horta-Guinardo
724;745;2,1575;41,435; Horta-Guinardo
6974;746;2,1575;41,4375; Horta-Guinardo
725;747;2,1575;41,44;Horta-Guinardo
726;748;2,1575;41,4475;Ciutat Vella
241;749;2,1575;41,45; Horta-Guinardo
1178;750;2,16;41,355;Ciutat Vella
2077;751;2,16;41,3575; Sants-Montjuic
727;752;2,16;41,3625; Sants-Montjuic
242;753;2,16;41,365; Sants-Montjuic
2079;754;2,16;41,3675; Sants-Montjuic
729;755;2,16;41,37; Sants-Montjuic
731;756;2,16;41,3725; Sants-Montjuic
732;757;2,16;41,375; Sants-Montjuic
3445;758;2,16;41,3775;Eixample
733;759;2,16;41,38;Eixample
244;760;2,16;41,3825; Eixample
734;761;2,16;41,385;Eixample
3448;762;2,16;41,3875;Eixample
245;763;2,16;41,39; Eixample
246;764;2,16;41,3925; Eixample
736;765;2,16;41,395;Eixample
1618;766;2,16;41,3975;Eixample
737;767;2,16;41,4;Gracia
1183;768;2,16;41,4025;Horta-Guinardo
3005;769;2,16;41,405;Gracia
1184;770;2,16;41,4075;Horta-Guinardo
1623;771;2,16;41,41;Gracia
738;772;2,16;41,4125;Ciutat Vella
247;773;2,16;41,415; Horta-Guinardo
1187;774;2,16;41,4175;Horta-Guinardo
248;775;2,16;41,42; Horta-Guinardo
1188;776;2,16;41,4225;Horta-Guinardo
4313;777;2,16;41,425; Horta-Guinardo
6095;778;2,16;41,4275; Horta-Guinardo
249;779;2,16;41,43; Horta-Guinardo
2087;780;2,16;41,4325;Ciutat Vella
740;781;2,16;41,435;Horta-Guinardo
2089;782;2,16;41,4375;Ciutat Vella
741;783;2,16;41,44;Ciutat Vella
250;784;2,16;41,4425; Nou Barris
251;785;2,1625;41,3575; Sants-Montjuic
252;786;2,1625;41,36; Sants-Montjuic
743;787;2,1625;41,365; Sants-Montjuic
4780;788;2,1625;41,3675; Sants-Montjuic
744;789;2,1625;41,37; Sants-Montjuic
1192;790;2,1625;41,3725; Sants-Montjuic
745;791;2,1625;41,375; Sants-Montjuic
1193;792;2,1625;41,3775;Eixample
1194;793;2,1625;41,38;Eixample
746;794;2,1625;41,3825;Eixample
2094;795;2,1625;41,385;Eixample
1195;796;2,1625;41,3875;Eixample
1631;797;2,1625;41,39;Eixample
1196;798;2,1625;41,3925;Eixample
1634;799;2,1625;41,395;Eixample
253;800;2,1625;41,3975; Eixample
254;801;2,1625;41,4; Gracia
255;802;2,1625;41,4025; Gracia
3460;803;2,1625;41,405;Gracia
2099;804;2,1625;41,4075; Gracia
747;805;2,1625;41,41; Gracia
3016;806;2,1625;41,4125;Ciutat Vella
748;807;2,1625;41,415;Ciutat Vella
257;808;2,1625;41,4175; Horta-Guinardo
3017;809;2,1625;41,42;Ciutat Vella
258;810;2,1625;41,4225; Horta-Guinardo
260;811;2,1625;41,425; Horta-Guinardo
261;812;2,1625;41,4275; Horta-Guinardo
1200;813;2,1625;41,43;Horta-Guinardo
753;814;2,1625;41,4325;Ciutat Vella
755;815;2,1625;41,435;Ciutat Vella
262;816;2,1625;41,4375; Nou Barris
1637;817;2,1625;41,44;Horta-Guinardo
3464;818;2,1625;41,4425; Sarria-Sant Gervasi
2550;819;2,1625;41,445;Ciutat Vella
1201;820;2,165;41,3575; Sants-Montjuic
3469;821;2,165;41,36;Ciutat Vella
264;822;2,165;41,3625; Sants-Montjuic
265;823;2,165;41,365; Sants-Montjuic
3021;824;2,165;41,3675;Ciutat Vella
1640;825;2,165;41,37; Sants-Montjuic
1204;826;2,165;41,3725;Ciutat Vella
1205;827;2,165;41,375; Sants-Montjuic
5679;828;2,165;41,3775; Ciutat Vella
1206;829;2,165;41,38;Eixample
266;830;2,165;41,3825; Ciutat Vella
756;831;2,165;41,385;Eixample
1642;832;2,165;41,3875;Eixample
1208;833;2,165;41,39;Eixample
267;834;2,165;41,3925; Eixample
3476;835;2,165;41,395;Eixample
268;836;2,165;41,3975; Eixample
1210;837;2,165;41,4;Ciutat Vella
269;838;2,165;41,4025; Gracia
759;839;2,165;41,405; Gracia
760;840;2,165;41,4075;Gracia
270;841;2,165;41,41; Horta-Guinardo
761;842;2,165;41,4125;Horta-Guinardo
1213;843;2,165;41,415;Horta-Guinardo
271;844;2,165;41,4175; Horta-Guinardo
762;845;2,165;41,42;Horta-Guinardo
3030;846;2,165;41,4225;Ciutat Vella
2559;847;2,165;41,425;Ciutat Vella
2109;848;2,165;41,4275;Horta-Guinardo
4799;849;2,165;41,43; Horta-Guinardo
763;850;2,165;41,4325; Nou Barris
272;851;2,165;41,435; Nou Barris
273;852;2,165;41,4375;Nou Barris
274;853;2,165;41,44;Nou Barris
1217;854;2,165;41,4425;Ciutat Vella
275;855;2,165;41,445; Nou Barris
2113;856;2,165;41,4475;Ciutat Vella
1647;857;2,1675;41,36; Sants-Montjuic
2114;858;2,1675;41,3625;Ciutat Vella
3035;859;2,1675;41,365;Ciutat Vella
765;860;2,1675;41,3675; Sant Marti
1648;861;2,1675;41,37;Ciutat Vella
766;862;2,1675;41,3725;Ciutat Vella
276;863;2,1675;41,375;Eixample
2566;864;2,1675;41,3775; Ciutat Vella
277;865;2,1675;41,38;Ciutat Vella
2567;866;2,1675;41,3825; Ciutat Vella
3487;867;2,1675;41,385; Ciutat Vella
1221;868;2,1675;41,3875;Eixample
278;869;2,1675;41,39; Eixample
279;870;2,1675;41,3925; Eixample
770;871;2,1675;41,395; Sant Marti
771;872;2,1675;41,3975;Ciutat Vella
2117;873;2,1675;41,4; Eixample
2569;874;2,1675;41,4025; Gracia
1223;875;2,1675;41,405; Gracia
772;876;2,1675;41,4075; Gracia
280;877;2,1675;41,41;Eixample
1225;878;2,1675;41,4125;Horta-Guinardo
773;879;2,1675;41,415; Sant Marti
1651;880;2,1675;41,4175;Horta-Guinardo
281;881;2,1675;41,42; Horta-Guinardo
3490;882;2,1675;41,4225;Ciutat Vella
3042;883;2,1675;41,425;Ciutat Vella
775;884;2,1675;41,4275; Sant Marti
776;885;2,1675;41,43; Sant Marti
282;886;2,1675;41,4325;Nou Barris
283;887;2,1675;41,435; Nou Barris
1227;888;2,1675;41,4375;Horta-Guinardo
284;889;2,1675;41,44;Nou Barris
3047;890;2,1675;41,4425;Nou Barris
3049;891;2,1675;41,445;Nou Barris
1229;892;2,1675;41,4475;Ciutat Vella
286;893;2,1675;41,4575;Nou Barris
1656;894;2,1675;41,46;Nou Barris
287;895;2,17;41,3625; Sants-Montjuic
778;896;2,17;41,365;Ciutat Vella
1658;897;2,17;41,3675; Sants-Montjuic
1234;898;2,17;41,37; Sants-Montjuic
1235;899;2,17;41,3725;Ciutat Vella
4357;900;2,17;41,375; Eixample
288;901;2,17;41,3775;Ciutat Vella
289;902;2,17;41,38;Ciutat Vella
780;903;2,17;41,3825; Sant Marti
1236;904;2,17;41,385;Eixample
290;905;2,17;41,3875; Eixample
1659;906;2,17;41,39;Eixample
781;907;2,17;41,3925; Sant Marti
291;908;2,17;41,395; Eixample
293;909;2,17;41,3975; Eixample
294;910;2,17;41,4; Eixample
3498;911;2,17;41,4025;Eixample
295;912;2,17;41,405; Gracia
1239;913;2,17;41,4075;Eixample
296;914;2,17;41,41;Eixample
3500;915;2,17;41,4125; Horta-Guinardo
783;916;2,17;41,415; Sant Marti
297;917;2,17;41,4175;Horta-Guinardo
1663;918;2,17;41,42;Horta-Guinardo
1240;919;2,17;41,4225;Horta-Guinardo
298;920;2,17;41,425;Horta-Guinardo
784;921;2,17;41,4275; Sant Marti
299;922;2,17;41,43;Nou Barris
300;923;2,17;41,4325; Nou Barris
785;924;2,17;41,435; Sant Marti
2585;925;2,17;41,4375;Ciutat Vella
301;926;2,17;41,44; Nou Barris
2586;927;2,17;41,4425;Ciutat Vella
786;928;2,17;41,445; Nou Barris
787;929;2,17;41,4475; Sant Marti
303;930;2,17;41,45; Nou Barris
2131;931;2,17;41,455;Ciutat Vella
305;932;2,17;41,4575; Nou Barris
3507;933;2,17;41,46;Nou Barris
307;934;2,1725;41,3675; Sants-Montjuic
789;935;2,1725;41,37; Sants-Montjuic
308;936;2,1725;41,3725; Sants-Montjuic
1667;937;2,1725;41,375; Sants-Montjuic
1246;938;2,1725;41,3775;Ciutat Vella
1668;939;2,1725;41,38;Ciutat Vella
790;940;2,1725;41,3825; Sant Marti
792;941;2,1725;41,385; Sant Marti
310;942;2,1725;41,3875;Ciutat Vella
1248;943;2,1725;41,39;Eixample
2594;944;2,1725;41,3925;Eixample
1249;945;2,1725;41,395;Eixample
793;946;2,1725;41,3975; Gracia
794;947;2,1725;41,4; Sant Marti
795;948;2,1725;41,4025; Sant Marti
311;949;2,1725;41,405;Eixample
1670;950;2,1725;41,4075;Eixample
312;951;2,1725;41,41; Gracia
313;952;2,1725;41,4125; Horta-Guinardo
1672;953;2,1725;41,415;Ciutat Vella
797;954;2,1725;41,4175; Sant Marti
4378;955;2,1725;41,42; Horta-Guinardo
3066;956;2,1725;41,4225; Horta-Guinardo
314;957;2,1725;41,425; Horta-Guinardo
315;958;2,1725;41,4275;Nou Barris
316;959;2,1725;41,43; Nou Barris
5719;960;2,1725;41,4325;Ciutat Vella
798;961;2,1725;41,435; Sant Marti
317;962;2,1725;41,4375;Nou Barris
318;963;2,1725;41,44; Nou Barris
3520;964;2,1725;41,4425;Nou Barris
319;965;2,1725;41,445;Nou Barris
320;966;2,1725;41,4475;Nou Barris
321;967;2,1725;41,4525; Nou Barris
2150;968;2,1725;41,455;Ciutat Vella
4838;969;2,1725;41,46; Nou Barris
322;970;2,175;41,37; Sants-Montjuic
323;971;2,175;41,3725; Ciutat Vella
1262;972;2,175;41,375;Ciutat Vella
1263;973;2,175;41,3775;Ciutat Vella
801;974;2,175;41,38; Sant Marti
324;975;2,175;41,3825; Ciutat Vella
325;976;2,175;41,385;Ciutat Vella
1265;977;2,175;41,3875;Ciutat Vella
802;978;2,175;41,39; Sant Marti
326;979;2,175;41,3925; Eixample
804;980;2,175;41,395; Sant Marti
805;981;2,175;41,3975;Eixample
2156;982;2,175;41,4;Eixample
806;983;2,175;41,4025;Eixample
2606;984;2,175;41,405;Eixample
327;985;2,175;41,4075;Eixample
328;986;2,175;41,41;Sant Marti
1680;987;2,175;41,4125; Horta-Guinardo
2607;988;2,175;41,415; Sant Marti
329;989;2,175;41,4175;Horta-Guinardo
3077;990;2,175;41,42;Ciutat Vella
807;991;2,175;41,4225; Horta-Guinardo
330;992;2,175;41,425; Horta-Guinardo
2161;993;2,175;41,4275; Nou Barris
2609;994;2,175;41,43; Nou Barris
331;995;2,175;41,4325;Nou Barris
1270;996;2,175;41,435;Nou Barris
2164;997;2,175;41,4375; Nou Barris
1271;998;2,175;41,44;Horta-Guinardo
332;999;2,175;41,4425; Nou Barris
3080;1000;2,175;41,445;Nou Barris
333;1001;2,175;41,4475;Nou Barris
334;1002;2,175;41,45;Nou Barris
335;1003;2,175;41,4525; Nou Barris
2166;1004;2,175;41,455;Ciutat Vella
5732;1005;2,175;41,4575;Ciutat Vella
2614;1006;2,175;41,46;Ciutat Vella
336;1007;2,175;41,4625;Nou Barris
810;1008;2,1775;41,3725; Sants-Montjuic
3530;1009;2,1775;41,375;Ciutat Vella
811;1010;2,1775;41,3775;Ciutat Vella
812;1011;2,1775;41,38;Ciutat Vella
337;1012;2,1775;41,3825; Ciutat Vella
3085;1013;2,1775;41,385; Ciutat Vella
3086;1014;2,1775;41,3875; Ciutat Vella
1689;1015;2,1775;41,39; Ciutat Vella
338;1016;2,1775;41,3925; Eixample
340;1017;2,1775;41,395;Eixample
814;1018;2,1775;41,3975;Eixample
342;1019;2,1775;41,4; Eixample
815;1020;2,1775;41,4025;Eixample
2617;1021;2,1775;41,405;Eixample
817;1022;2,1775;41,4075;Eixample
818;1023;2,1775;41,41; Eixample
343;1024;2,1775;41,4125;Sant Marti
344;1025;2,1775;41,415;Horta-Guinardo
4405;1026;2,1775;41,4175; Horta-Guinardo
345;1027;2,1775;41,42; Horta-Guinardo
2173;1028;2,1775;41,4225;Horta-Guinardo
346;1029;2,1775;41,425; Sant Andreu
2174;1030;2,1775;41,4275; Sant Andreu
1692;1031;2,1775;41,43;Nou Barris
347;1032;2,1775;41,4325;Nou Barris
1277;1033;2,1775;41,435;Ciutat Vella
821;1034;2,1775;41,4375;Nou Barris
348;1035;2,1775;41,44; Nou Barris
349;1036;2,1775;41,4425; Nou Barris
350;1037;2,1775;41,445; Nou Barris
1694;1038;2,1775;41,4475;Nou Barris
351;1039;2,1775;41,45;Nou Barris
823;1040;2,1775;41,4525;Ciutat Vella
824;1041;2,1775;41,455;Ciutat Vella
3094;1042;2,1775;41,4575;Nou Barris
1280;1043;2,1775;41,46;Nou Barris
825;1044;2,1775;41,4625;Nou Barris
352;1045;2,1775;41,465; Montcada i Reixac
353;1046;2,18;41,3775; Ciutat Vella
3545;1047;2,18;41,38;Ciutat Vella
354;1048;2,18;41,3825; Ciutat Vella
1697;1049;2,18;41,385; Ciutat Vella
2180;1050;2,18;41,3875; Ciutat Vella
3095;1051;2,18;41,39; Ciutat Vella
828;1052;2,18;41,3925;Eixample
355;1053;2,18;41,395; Sant Marti
1698;1054;2,18;41,3975;Eixample
2184;1055;2,18;41,4;Eixample
356;1056;2,18;41,4025; Eixample
829;1057;2,18;41,405;Eixample
1699;1058;2,18;41,4075;Eixample
2186;1059;2,18;41,41;Eixample
357;1060;2,18;41,4125; Gracia
830;1061;2,18;41,415;Sant Marti
831;1062;2,18;41,4175;Sant Marti
832;1063;2,18;41,42;Ciutat Vella
2189;1064;2,18;41,4225;Sant Andreu
2635;1065;2,18;41,425;Horta-Guinardo
1702;1066;2,18;41,4275;Sant Andreu
833;1067;2,18;41,43; Nou Barris
358;1068;2,18;41,4325; Nou Barris
835;1069;2,18;41,435; Nou Barris
1288;1070;2,18;41,4375;Ciutat Vella
3555;1071;2,18;41,44;Nou Barris
836;1072;2,18;41,4425;Nou Barris
837;1073;2,18;41,445; Nou Barris
359;1074;2,18;41,4475; Nou Barris
360;1075;2,18;41,45; Nou Barris
361;1076;2,18;41,4525; Nou Barris
362;1077;2,18;41,455; Nou Barris
2643;1078;2,18;41,4575;Nou Barris
363;1079;2,18;41,46; Nou Barris
3098;1080;2,18;41,4625;Ciutat Vella
364;1081;2,18;41,465; Nou Barris
839;1082;2,18;41,4675;Ciutat Vella
2194;1083;2,1825;41,3775;Ciutat Vella
840;1084;2,1825;41,38;Ciutat Vella
1710;1085;2,1825;41,3825; Ciutat Vella
3101;1086;2,1825;41,385; Ciutat Vella
365;1087;2,1825;41,3875; Ciutat Vella
366;1088;2,1825;41,39; Ciutat Vella
2195;1089;2,1825;41,3925; Eixample
367;1090;2,1825;41,395; Eixample
3561;1091;2,1825;41,3975;Eixample
368;1092;2,1825;41,4; Eixample
2197;1093;2,1825;41,4025;Eixample
2652;1094;2,1825;41,405;Eixample
369;1095;2,1825;41,4075; Sant Marti
3563;1096;2,1825;41,41; Sant Marti
2198;1097;2,1825;41,4125;Eixample
1715;1098;2,1825;41,415;Sant Andreu
1716;1099;2,1825;41,4175;Sant Andreu
370;1100;2,1825;41,42; Sant Andreu
1292;1101;2,1825;41,4225; Sant Andreu
2200;1102;2,1825;41,425; Sant Andreu
843;1103;2,1825;41,4275; Nou Barris
1293;1104;2,1825;41,43;Nou Barris
6195;1105;2,1825;41,4325; Nou Barris
845;1106;2,1825;41,435;Nou Barris
371;1107;2,1825;41,4375; Nou Barris
372;1108;2,1825;41,44; Nou Barris
3996;1109;2,1825;41,4425; Nou Barris
1294;1110;2,1825;41,445;Nou Barris
1718;1111;2,1825;41,4475;Nou Barris
846;1112;2,1825;41,45; Nou Barris
3566;1113;2,1825;41,455;Nou Barris
847;1114;2,1825;41,4575;Nou Barris
1719;1115;2,1825;41,46;Ciutat Vella
373;1116;2,1825;41,4625; Nou Barris
848;1117;2,1825;41,4675;Nou Barris
2203;1118;2,185;41,3725; Ciutat Vella
3112;1119;2,185;41,38;Ciutat Vella
374;1120;2,185;41,3825; Ciutat Vella
1720;1121;2,185;41,385; Ciutat Vella
849;1122;2,185;41,3875; Ciutat Vella
2205;1123;2,185;41,39; Gracia
1297;1124;2,185;41,3925;Eixample
3116;1125;2,185;41,395;Sant Marti
375;1126;2,185;41,3975; Eixample
2662;1127;2,185;41,4;Eixample
1298;1128;2,185;41,4025;Eixample
2208;1129;2,185;41,405;Sant Marti
2209;1130;2,185;41,4075;Sant Marti
376;1131;2,185;41,41; Sant Marti
377;1132;2,185;41,4125; Sant Marti
3118;1133;2,185;41,415;Sant Andreu
2665;1134;2,185;41,4175;Sant Andreu
1721;1135;2,185;41,42;Sant Andreu
1301;1136;2,185;41,4225;Ciutat Vella
1722;1137;2,185;41,425;Sant Andreu
2667;1138;2,185;41,4275;Sant Andreu
850;1139;2,185;41,43;Sant Andreu
851;1140;2,185;41,4325;Horta-Guinardo
4012;1141;2,185;41,435; Sant Andreu
1723;1142;2,185;41,4375;Sant Andreu
378;1143;2,185;41,44; Sant Andreu
852;1144;2,185;41,4425;Horta-Guinardo
853;1145;2,185;41,445;Horta-Guinardo
379;1146;2,185;41,4475; Nou Barris
855;1147;2,185;41,45;Nou Barris
1725;1148;2,185;41,4525; Nou Barris
380;1149;2,185;41,455; Nou Barris
856;1150;2,185;41,4575;Ciutat Vella
381;1151;2,185;41,46; Nou Barris
382;1152;2,185;41,4625; Nou Barris
1727;1153;2,1875;41,3675; Ciutat Vella
1307;1154;2,1875;41,3725;Ciutat Vella
1308;1155;2,1875;41,375; Ciutat Vella
1729;1156;2,1875;41,3775;Ciutat Vella
1309;1157;2,1875;41,38; Ciutat Vella
1730;1158;2,1875;41,3825; Ciutat Vella
1732;1159;2,1875;41,385; Sant Marti
383;1160;2,1875;41,3875; Ciutat Vella
857;1161;2,1875;41,39; Sant Marti
3582;1162;2,1875;41,3925; Sant Marti
2214;1163;2,1875;41,395;Sant Marti
858;1164;2,1875;41,3975;Sant Marti
859;1165;2,1875;41,4;Sant Marti
861;1166;2,1875;41,4025; Sant Marti
1737;1167;2,1875;41,405; Sant Marti
2215;1168;2,1875;41,4075;Sant Marti
384;1169;2,1875;41,41; Sant Marti
385;1170;2,1875;41,4125; Sant Marti
386;1171;2,1875;41,415; Sant Andreu
8932;1172;2,1875;41,4175; Sant Andreu
387;1173;2,1875;41,42; Sant Andreu
2677;1174;2,1875;41,4225;Sant Andreu
862;1175;2,1875;41,425;Sant Andreu
1311;1176;2,1875;41,4275;Sant Andreu
2679;1177;2,1875;41,43;Sant Andreu
388;1178;2,1875;41,4325; Sant Andreu
863;1179;2,1875;41,435;Sant Andreu
1741;1180;2,1875;41,4375;Sant Andreu
3134;1181;2,1875;41,44;Sant Andreu
3589;1182;2,1875;41,4425; Sant Andreu
1742;1183;2,1875;41,445;Sant Andreu
390;1184;2,1875;41,4475; Sant Andreu
864;1185;2,1875;41,45; Nou Barris
391;1186;2,1875;41,4525; Sants-Montjuic
1315;1187;2,1875;41,455;Ciutat Vella
392;1188;2,1875;41,4575;Ciutat Vella
1745;1189;2,1875;41,46;Ciutat Vella
866;1190;2,1875;41,4625;Nou Barris
393;1191;2,19;41,375;Ciutat Vella
1747;1192;2,19;41,3775; Ciutat Vella
868;1193;2,19;41,38;Ciutat Vella
2681;1194;2,19;41,3825;Ciutat Vella
2226;1195;2,19;41,385; Ciutat Vella
869;1196;2,19;41,3875;Ciutat Vella
4442;1197;2,19;41,39; Sant Marti
6674;1198;2,19;41,3925; Sant Marti
394;1199;2,19;41,395;Sant Marti
2227;1200;2,19;41,3975;Sant Marti
395;1201;2,19;41,4;Sant Marti
3596;1202;2,19;41,4025; Sant Marti
3139;1203;2,19;41,405; Sant Marti
6224;1204;2,19;41,4075; Sant Marti
3140;1205;2,19;41,41;Sant Marti
1749;1206;2,19;41,4125; Sant Marti
396;1207;2,19;41,415;Sant Marti
871;1208;2,19;41,4175;Sant Marti
872;1209;2,19;41,42;Sant Andreu
397;1210;2,19;41,4225;Sant Andreu
1750;1211;2,19;41,425;Sant Andreu
873;1212;2,19;41,4275;Sant Andreu
1320;1213;2,19;41,43;Sant Andreu
3144;1214;2,19;41,4325; Sant Andreu
874;1215;2,19;41,435;Sant Andreu
398;1216;2,19;41,4375;Sant Andreu
2685;1217;2,19;41,44;Ciutat Vella
3600;1218;2,19;41,4425; Sant Andreu
400;1219;2,19;41,445;Ciutat Vella
1321;1220;2,19;41,4475;Nou Barris
2233;1221;2,19;41,45;Nou Barris
3146;1222;2,19;41,4525;Nou Barris
1322;1223;2,19;41,455;Ciutat Vella
401;1224;2,1925;41,3775;Ciutat Vella
876;1225;2,1925;41,38;Ciutat Vella
1324;1226;2,1925;41,3825;Ciutat Vella
1325;1227;2,1925;41,385;Ciutat Vella
1326;1228;2,1925;41,3875; Ciutat Vella
1327;1229;2,1925;41,39;Ciutat Vella
2236;1230;2,1925;41,3925; Sant Marti
1753;1231;2,1925;41,395; Sant Marti
877;1232;2,1925;41,3975;Ciutat Vella
402;1233;2,1925;41,4;Sant Marti
2691;1234;2,1925;41,4025;Ciutat Vella
3150;1235;2,1925;41,405; Sant Marti
4037;1236;2,1925;41,4075; Sant Marti
878;1237;2,1925;41,41;Sant Marti
2693;1238;2,1925;41,4125; Sant Marti
403;1239;2,1925;41,415;Ciutat Vella
404;1240;2,1925;41,4175;Ciutat Vella
4040;1241;2,1925;41,42; Sant Andreu
882;1242;2,1925;41,4225;Ciutat Vella
883;1243;2,1925;41,425;Ciutat Vella
884;1244;2,1925;41,4275;Ciutat Vella
2242;1245;2,1925;41,43;Ciutat Vella
2243;1246;2,1925;41,4325;Sant Andreu
886;1247;2,1925;41,435;Sant Andreu
405;1248;2,1925;41,4375;Sant Andreu
4916;1249;2,1925;41,44; Sant Andreu
1328;1250;2,1925;41,4425;Ciutat Vella
6691;1251;2,1925;41,445; Sant Andreu
407;1252;2,1925;41,4475;Nou Barris
1758;1253;2,1925;41,45;Nou Barris
408;1254;2,1925;41,4525;Nou Barris
889;1255;2,1925;41,455;Ciutat Vella
409;1256;2,195;41,3825;Ciutat Vella
1330;1257;2,195;41,385; Ciutat Vella
3158;1258;2,195;41,3875;Ciutat Vella
1760;1259;2,195;41,39; Sant Marti
411;1260;2,195;41,3925; Sant Marti
412;1261;2,195;41,395; Sant Marti
893;1262;2,195;41,3975;Sant Marti
1761;1263;2,195;41,4; Sant Marti
1763;1264;2,195;41,4025;Ciutat Vella
2701;1265;2,195;41,405; Sant Marti
4921;1266;2,195;41,4075; Sant Marti
413;1267;2,195;41,41;Ciutat Vella
894;1268;2,195;41,4125;Sant Marti
1764;1269;2,195;41,415; Sant Marti
4459;1270;2,195;41,4175; Sant Marti
4460;1271;2,195;41,42; Sant Marti
414;1272;2,195;41,4225;Ciutat Vella
1332;1273;2,195;41,425; Ciutat Vella
2250;1274;2,195;41,4275;Ciutat Vella
895;1275;2,195;41,43;Ciutat Vella
1767;1276;2,195;41,4325;Sant Andreu
2252;1277;2,195;41,435;Sant Andreu
1768;1278;2,195;41,4375;Ciutat Vella
896;1279;2,195;41,44;Ciutat Vella
8541;1280;2,195;41,4425; Sant Andreu
415;1281;2,195;41,445;Ciutat Vella
416;1282;2,195;41,4475;Ciutat Vella
897;1283;2,195;41,45;Ciutat Vella
898;1284;2,195;41,4525;Ciutat Vella
1335;1285;2,1975;41,385;Ciutat Vella
417;1286;2,1975;41,3875; Sant Marti
3623;1287;2,1975;41,39; Sant Marti
419;1288;2,1975;41,3925; Sant Marti
420;1289;2,1975;41,395; Sant Marti
902;1290;2,1975;41,3975;Ciutat Vella
3624;1291;2,1975;41,4; Sant Marti
903;1292;2,1975;41,4025;Ciutat Vella
904;1293;2,1975;41,405;Sant Marti
1337;1294;2,1975;41,4075;Ciutat Vella
2710;1295;2,1975;41,41; Sant Marti
421;1296;2,1975;41,4125; Gracia
906;1297;2,1975;41,415;Sant Marti
2258;1298;2,1975;41,4175; Sant Marti
3626;1299;2,1975;41,42; Sant Marti
908;1300;2,1975;41,4225;Sant Marti
4054;1301;2,1975;41,425; Sant Marti
4473;1302;2,1975;41,4275; Sant Marti
1342;1303;2,1975;41,4325;Ciutat Vella
3169;1304;2,1975;41,435;Sant Andreu
909;1305;2,1975;41,4375;Ciutat Vella
2711;1306;2,1975;41,44; Sant Andreu
422;1307;2,1975;41,4425; Gracia
423;1308;2,1975;41,445;Ciutat Vella
912;1309;2,1975;41,4475;Ciutat Vella
913;1310;2,1975;41,45;Ciutat Vella
1346;1311;2,2;41,3875; Sant Marti
424;1312;2,2;41,39;Sant Marti
1775;1313;2,2;41,3925;Sant Marti
2714;1314;2,2;41,395; Sant Marti
1349;1315;2,2;41,3975;Sant Marti
5385;1316;2,2;41,4; Sant Marti
1777;1317;2,2;41,4025;Sant Marti
1350;1318;2,2;41,405;Sant Marti
1351;1319;2,2;41,4075;Ciutat Vella
3175;1320;2,2;41,41;Sant Marti
1352;1321;2,2;41,4125;Sant Marti
4056;1322;2,2;41,415; Sant Marti
425;1323;2,2;41,4175; Sant Marti
915;1324;2,2;41,42;Sant Marti
2263;1325;2,2;41,4225; Sant Marti
427;1326;2,2;41,425; Sant Marti
428;1327;2,2;41,4275;Sant Marti
1353;1328;2,2;41,43;Sant Andreu
917;1329;2,2;41,4325;Sant Andreu
918;1330;2,2;41,435;Sant Andreu
1778;1331;2,2;41,4375; Sant Andreu
1354;1332;2,2;41,44; Sant Andreu
1779;1333;2,2;41,4425; Sant Andreu
2268;1334;2,2;41,445;Sant Andreu
3180;1335;2,2;41,4475;Sant Andreu
429;1336;2,2;41,45;Sant Andreu
1780;1337;2,2025;41,39; Sant Marti
3632;1338;2,2025;41,3925; Sant Marti
919;1339;2,2025;41,395;Sant Marti
920;1340;2,2025;41,3975;Sant Marti
2269;1341;2,2025;41,4; Sant Marti
1357;1342;2,2025;41,4025;Sant Marti
431;1343;2,2025;41,405;Sant Marti
923;1344;2,2025;41,4075;Sant Marti
924;1345;2,2025;41,41;Sant Marti
1781;1346;2,2025;41,4125; Sant Marti
925;1347;2,2025;41,415;Ciutat Vella
5400;1348;2,2025;41,4175; Sant Marti
2724;1349;2,2025;41,42; Sant Marti
2725;1350;2,2025;41,4225; Sant Marti
1359;1351;2,2025;41,425; Sant Marti
927;1352;2,2025;41,4275; Sant Marti
929;1353;2,2025;41,43;Ciutat Vella
8564;1354;2,2025;41,4325; Sant Andreu
931;1355;2,2025;41,435;Sant Andreu
432;1356;2,2025;41,4375;Sant Andreu
433;1357;2,2025;41,44; Sant Andreu
435;1358;2,2025;41,4425; Sant Andreu
934;1359;2,2025;41,445; Sant Andreu
436;1360;2,2025;41,4475;Ciutat Vella
5405;1361;2,205;41,3925; Sant Marti
1363;1362;2,205;41,395;Ciutat Vella
437;1363;2,205;41,3975;Sant Marti
438;1364;2,205;41,4;Sant Marti
936;1365;2,205;41,4025;Sant Marti
937;1366;2,205;41,405;Ciutat Vella
439;1367;2,205;41,4075; Sant Marti
2276;1368;2,205;41,41;Ciutat Vella
440;1369;2,205;41,4125;Sant Marti
939;1370;2,205;41,415;Ciutat Vella
441;1371;2,205;41,4175;Sant Marti
1365;1372;2,205;41,42;Sant Marti
940;1373;2,205;41,4225; Sant Marti
2734;1374;2,205;41,425; Sant Marti
941;1375;2,205;41,4275;Sant Marti
942;1376;2,205;41,43;Sant Andreu
442;1377;2,205;41,4325; Sant Andreu
1368;1378;2,205;41,435;Sant Andreu
2282;1379;2,205;41,4375;Ciutat Vella
2735;1380;2,205;41,44; Sant Andreu
1791;1381;2,205;41,4425; Sant Andreu
2284;1382;2,205;41,445;Sant Andreu
1792;1383;2,2075;41,395; Sant Marti
943;1384;2,2075;41,3975;Sant Marti
2736;1385;2,2075;41,4; Sant Marti
443;1386;2,2075;41,4025;Sant Marti
1369;1387;2,2075;41,405;Sant Marti
1370;1388;2,2075;41,4075;Sant Marti
1372;1389;2,2075;41,41; Sant Marti
444;1390;2,2075;41,4125;Ciutat Vella
1373;1391;2,2075;41,415; Sant Marti
1796;1392;2,2075;41,4175; Sant Marti
445;1393;2,2075;41,42;Sant Marti
3651;1394;2,2075;41,4225; Sant Marti
446;1395;2,2075;41,425; Sant Marti
447;1396;2,2075;41,4325;Sant Adria del Besos
947;1397;2,2075;41,435;Sant Andreu
1377;1398;2,2075;41,4375;Ciutat Vella
4085;1399;2,2075;41,44; Sant Andreu
448;1400;2,2075;41,4425;Ciutat Vella
2741;1401;2,2075;41,445;Santa Coloma del Gramanet
948;1402;2,21;41,3975; Sant Marti
449;1403;2,21;41,4; Sant Marti
2743;1404;2,21;41,4025; Sant Marti
2744;1405;2,21;41,405; Sant Marti
3200;1406;2,21;41,4075; Sant Marti
451;1407;2,21;41,41; Sant Marti
949;1408;2,21;41,4125;Sant Marti
453;1409;2,21;41,415; Sant Marti
4973;1410;2,21;41,4175; Sant Marti
455;1411;2,21;41,42; Sant Andreu
2292;1412;2,21;41,4225; Sant Marti
4092;1413;2,21;41,4325;Sant Adria del Besos
1382;1414;2,21;41,435;Ciutat Vella
1800;1415;2,21;41,4375;Ciutat Vella
1801;1416;2,2125;41,4; Sant Marti
1383;1417;2,2125;41,4025; Sant Marti
2747;1418;2,2125;41,405; Sant Marti
950;1419;2,2125;41,4075; Sant Marti
1384;1420;2,2125;41,41; Sant Marti
456;1421;2,2125;41,4125; Sant Marti
2297;1422;2,2125;41,415; Sant Marti
458;1423;2,2125;41,4175; Sant Andreu
2298;1424;2,2125;41,42; Sant Marti
954;1425;2,215;41,4025;Sant Marti
1387;1426;2,215;41,405; Sant Marti
459;1427;2,215;41,4075; Sant Marti
460;1428;2,215;41,41; Sant Marti
461;1429;2,215;41,4125; Sant Marti
955;1430;2,215;41,415;Sant Marti
2750;1431;2,215;41,4175; Sant Marti
462;1432;2,215;41,42;Sant Adria del Besos
957;1433;2,2175;41,4025; Sant Marti
463;1434;2,2175;41,405; Sant Marti
2752;1435;2,2175;41,4075; Sant Marti
465;1436;2,2175;41,41; Sant Marti
1806;1437;2,2175;41,4125; Sant Marti
1807;1438;2,2175;41,415;Ciutat Vella
2305;1439;2,2175;41,4175;Sant Adria del Besos
2306;1440;2,22;41,4075; Sant Marti
961;1441;2,22;41,41; Sant Marti
466;1442;2,22;41,4125; Sant Andreu
3663;1443;2,22;41,415; Sant Marti
467;1444;2,2225;41,41;Sant Marti
468;1445;2,2225;41,4125;Sant Marti
